,Area_10_moyotes,Area_10_moyotes_infectados_area_sepa_1,Area_10_moyotes_infectados_area_sepa_2,Area_10_moyotes_infectados_area_sepa_3,Area_10_moyotes_infectados_area_sepa_4,Area_10_muertes,Area_10_muertes_por_sepa_sepa_1,Area_10_muertes_por_sepa_sepa_2,Area_10_muertes_por_sepa_sepa_3,Area_10_muertes_por_sepa_sepa_4,Area_10_personas_infectadas,Area_10_personas_infectadas_por_sepa_sepa_1,Area_10_personas_infectadas_por_sepa_sepa_2,Area_10_personas_infectadas_por_sepa_sepa_3,Area_10_personas_infectadas_por_sepa_sepa_4,Area_10_personas_infectadas_vivas,Area_10_personas_infectadas_vivas_por_sepa_sepa_1,Area_10_personas_infectadas_vivas_por_sepa_sepa_2,Area_10_personas_infectadas_vivas_por_sepa_sepa_3,Area_10_personas_infectadas_vivas_por_sepa_sepa_4,Area_10_poblacion,Area_10_recreadores,Area_10_tipo,Area_10_trabajadores,Area_11_moyotes,Area_11_moyotes_infectados_area_sepa_1,Area_11_moyotes_infectados_area_sepa_2,Area_11_moyotes_infectados_area_sepa_3,Area_11_moyotes_infectados_area_sepa_4,Area_11_muertes,Area_11_muertes_por_sepa_sepa_1,Area_11_muertes_por_sepa_sepa_2,Area_11_muertes_por_sepa_sepa_3,Area_11_muertes_por_sepa_sepa_4,Area_11_personas_infectadas,Area_11_personas_infectadas_por_sepa_sepa_1,Area_11_personas_infectadas_por_sepa_sepa_2,Area_11_personas_infectadas_por_sepa_sepa_3,Area_11_personas_infectadas_por_sepa_sepa_4,Area_11_personas_infectadas_vivas,Area_11_personas_infectadas_vivas_por_sepa_sepa_1,Area_11_personas_infectadas_vivas_por_sepa_sepa_2,Area_11_personas_infectadas_vivas_por_sepa_sepa_3,Area_11_personas_infectadas_vivas_por_sepa_sepa_4,Area_11_poblacion,Area_11_recreadores,Area_11_tipo,Area_11_trabajadores,Area_12_moyotes,Area_12_moyotes_infectados_area_sepa_1,Area_12_moyotes_infectados_area_sepa_2,Area_12_moyotes_infectados_area_sepa_3,Area_12_moyotes_infectados_area_sepa_4,Area_12_muertes,Area_12_muertes_por_sepa_sepa_1,Area_12_muertes_por_sepa_sepa_2,Area_12_muertes_por_sepa_sepa_3,Area_12_muertes_por_sepa_sepa_4,Area_12_personas_infectadas,Area_12_personas_infectadas_por_sepa_sepa_1,Area_12_personas_infectadas_por_sepa_sepa_2,Area_12_personas_infectadas_por_sepa_sepa_3,Area_12_personas_infectadas_por_sepa_sepa_4,Area_12_personas_infectadas_vivas,Area_12_personas_infectadas_vivas_por_sepa_sepa_1,Area_12_personas_infectadas_vivas_por_sepa_sepa_2,Area_12_personas_infectadas_vivas_por_sepa_sepa_3,Area_12_personas_infectadas_vivas_por_sepa_sepa_4,Area_12_poblacion,Area_12_recreadores,Area_12_tipo,Area_12_trabajadores,Area_13_moyotes,Area_13_moyotes_infectados_area_sepa_1,Area_13_moyotes_infectados_area_sepa_2,Area_13_moyotes_infectados_area_sepa_3,Area_13_moyotes_infectados_area_sepa_4,Area_13_muertes,Area_13_muertes_por_sepa_sepa_1,Area_13_muertes_por_sepa_sepa_2,Area_13_muertes_por_sepa_sepa_3,Area_13_muertes_por_sepa_sepa_4,Area_13_personas_infectadas,Area_13_personas_infectadas_por_sepa_sepa_1,Area_13_personas_infectadas_por_sepa_sepa_2,Area_13_personas_infectadas_por_sepa_sepa_3,Area_13_personas_infectadas_por_sepa_sepa_4,Area_13_personas_infectadas_vivas,Area_13_personas_infectadas_vivas_por_sepa_sepa_1,Area_13_personas_infectadas_vivas_por_sepa_sepa_2,Area_13_personas_infectadas_vivas_por_sepa_sepa_3,Area_13_personas_infectadas_vivas_por_sepa_sepa_4,Area_13_poblacion,Area_13_recreadores,Area_13_tipo,Area_13_trabajadores,Area_14_moyotes,Area_14_moyotes_infectados_area_sepa_1,Area_14_moyotes_infectados_area_sepa_2,Area_14_moyotes_infectados_area_sepa_3,Area_14_moyotes_infectados_area_sepa_4,Area_14_muertes,Area_14_muertes_por_sepa_sepa_1,Area_14_muertes_por_sepa_sepa_2,Area_14_muertes_por_sepa_sepa_3,Area_14_muertes_por_sepa_sepa_4,Area_14_personas_infectadas,Area_14_personas_infectadas_por_sepa_sepa_1,Area_14_personas_infectadas_por_sepa_sepa_2,Area_14_personas_infectadas_por_sepa_sepa_3,Area_14_personas_infectadas_por_sepa_sepa_4,Area_14_personas_infectadas_vivas,Area_14_personas_infectadas_vivas_por_sepa_sepa_1,Area_14_personas_infectadas_vivas_por_sepa_sepa_2,Area_14_personas_infectadas_vivas_por_sepa_sepa_3,Area_14_personas_infectadas_vivas_por_sepa_sepa_4,Area_14_poblacion,Area_14_recreadores,Area_14_tipo,Area_14_trabajadores,Area_15_moyotes,Area_15_moyotes_infectados_area_sepa_1,Area_15_moyotes_infectados_area_sepa_2,Area_15_moyotes_infectados_area_sepa_3,Area_15_moyotes_infectados_area_sepa_4,Area_15_muertes,Area_15_muertes_por_sepa_sepa_1,Area_15_muertes_por_sepa_sepa_2,Area_15_muertes_por_sepa_sepa_3,Area_15_muertes_por_sepa_sepa_4,Area_15_personas_infectadas,Area_15_personas_infectadas_por_sepa_sepa_1,Area_15_personas_infectadas_por_sepa_sepa_2,Area_15_personas_infectadas_por_sepa_sepa_3,Area_15_personas_infectadas_por_sepa_sepa_4,Area_15_personas_infectadas_vivas,Area_15_personas_infectadas_vivas_por_sepa_sepa_1,Area_15_personas_infectadas_vivas_por_sepa_sepa_2,Area_15_personas_infectadas_vivas_por_sepa_sepa_3,Area_15_personas_infectadas_vivas_por_sepa_sepa_4,Area_15_poblacion,Area_15_recreadores,Area_15_tipo,Area_15_trabajadores,Area_1_moyotes,Area_1_moyotes_infectados_area_sepa_1,Area_1_moyotes_infectados_area_sepa_2,Area_1_moyotes_infectados_area_sepa_3,Area_1_moyotes_infectados_area_sepa_4,Area_1_muertes,Area_1_muertes_por_sepa_sepa_1,Area_1_muertes_por_sepa_sepa_2,Area_1_muertes_por_sepa_sepa_3,Area_1_muertes_por_sepa_sepa_4,Area_1_personas_infectadas,Area_1_personas_infectadas_por_sepa_sepa_1,Area_1_personas_infectadas_por_sepa_sepa_2,Area_1_personas_infectadas_por_sepa_sepa_3,Area_1_personas_infectadas_por_sepa_sepa_4,Area_1_personas_infectadas_vivas,Area_1_personas_infectadas_vivas_por_sepa_sepa_1,Area_1_personas_infectadas_vivas_por_sepa_sepa_2,Area_1_personas_infectadas_vivas_por_sepa_sepa_3,Area_1_personas_infectadas_vivas_por_sepa_sepa_4,Area_1_poblacion,Area_1_recreadores,Area_1_tipo,Area_1_trabajadores,Area_2_moyotes,Area_2_moyotes_infectados_area_sepa_1,Area_2_moyotes_infectados_area_sepa_2,Area_2_moyotes_infectados_area_sepa_3,Area_2_moyotes_infectados_area_sepa_4,Area_2_muertes,Area_2_muertes_por_sepa_sepa_1,Area_2_muertes_por_sepa_sepa_2,Area_2_muertes_por_sepa_sepa_3,Area_2_muertes_por_sepa_sepa_4,Area_2_personas_infectadas,Area_2_personas_infectadas_por_sepa_sepa_1,Area_2_personas_infectadas_por_sepa_sepa_2,Area_2_personas_infectadas_por_sepa_sepa_3,Area_2_personas_infectadas_por_sepa_sepa_4,Area_2_personas_infectadas_vivas,Area_2_personas_infectadas_vivas_por_sepa_sepa_1,Area_2_personas_infectadas_vivas_por_sepa_sepa_2,Area_2_personas_infectadas_vivas_por_sepa_sepa_3,Area_2_personas_infectadas_vivas_por_sepa_sepa_4,Area_2_poblacion,Area_2_recreadores,Area_2_tipo,Area_2_trabajadores,Area_3_moyotes,Area_3_moyotes_infectados_area_sepa_1,Area_3_moyotes_infectados_area_sepa_2,Area_3_moyotes_infectados_area_sepa_3,Area_3_moyotes_infectados_area_sepa_4,Area_3_muertes,Area_3_muertes_por_sepa_sepa_1,Area_3_muertes_por_sepa_sepa_2,Area_3_muertes_por_sepa_sepa_3,Area_3_muertes_por_sepa_sepa_4,Area_3_personas_infectadas,Area_3_personas_infectadas_por_sepa_sepa_1,Area_3_personas_infectadas_por_sepa_sepa_2,Area_3_personas_infectadas_por_sepa_sepa_3,Area_3_personas_infectadas_por_sepa_sepa_4,Area_3_personas_infectadas_vivas,Area_3_personas_infectadas_vivas_por_sepa_sepa_1,Area_3_personas_infectadas_vivas_por_sepa_sepa_2,Area_3_personas_infectadas_vivas_por_sepa_sepa_3,Area_3_personas_infectadas_vivas_por_sepa_sepa_4,Area_3_poblacion,Area_3_recreadores,Area_3_tipo,Area_3_trabajadores,Area_4_moyotes,Area_4_moyotes_infectados_area_sepa_1,Area_4_moyotes_infectados_area_sepa_2,Area_4_moyotes_infectados_area_sepa_3,Area_4_moyotes_infectados_area_sepa_4,Area_4_muertes,Area_4_muertes_por_sepa_sepa_1,Area_4_muertes_por_sepa_sepa_2,Area_4_muertes_por_sepa_sepa_3,Area_4_muertes_por_sepa_sepa_4,Area_4_personas_infectadas,Area_4_personas_infectadas_por_sepa_sepa_1,Area_4_personas_infectadas_por_sepa_sepa_2,Area_4_personas_infectadas_por_sepa_sepa_3,Area_4_personas_infectadas_por_sepa_sepa_4,Area_4_personas_infectadas_vivas,Area_4_personas_infectadas_vivas_por_sepa_sepa_1,Area_4_personas_infectadas_vivas_por_sepa_sepa_2,Area_4_personas_infectadas_vivas_por_sepa_sepa_3,Area_4_personas_infectadas_vivas_por_sepa_sepa_4,Area_4_poblacion,Area_4_recreadores,Area_4_tipo,Area_4_trabajadores,Area_5_moyotes,Area_5_moyotes_infectados_area_sepa_1,Area_5_moyotes_infectados_area_sepa_2,Area_5_moyotes_infectados_area_sepa_3,Area_5_moyotes_infectados_area_sepa_4,Area_5_muertes,Area_5_muertes_por_sepa_sepa_1,Area_5_muertes_por_sepa_sepa_2,Area_5_muertes_por_sepa_sepa_3,Area_5_muertes_por_sepa_sepa_4,Area_5_personas_infectadas,Area_5_personas_infectadas_por_sepa_sepa_1,Area_5_personas_infectadas_por_sepa_sepa_2,Area_5_personas_infectadas_por_sepa_sepa_3,Area_5_personas_infectadas_por_sepa_sepa_4,Area_5_personas_infectadas_vivas,Area_5_personas_infectadas_vivas_por_sepa_sepa_1,Area_5_personas_infectadas_vivas_por_sepa_sepa_2,Area_5_personas_infectadas_vivas_por_sepa_sepa_3,Area_5_personas_infectadas_vivas_por_sepa_sepa_4,Area_5_poblacion,Area_5_recreadores,Area_5_tipo,Area_5_trabajadores,Area_6_moyotes,Area_6_moyotes_infectados_area_sepa_1,Area_6_moyotes_infectados_area_sepa_2,Area_6_moyotes_infectados_area_sepa_3,Area_6_moyotes_infectados_area_sepa_4,Area_6_muertes,Area_6_muertes_por_sepa_sepa_1,Area_6_muertes_por_sepa_sepa_2,Area_6_muertes_por_sepa_sepa_3,Area_6_muertes_por_sepa_sepa_4,Area_6_personas_infectadas,Area_6_personas_infectadas_por_sepa_sepa_1,Area_6_personas_infectadas_por_sepa_sepa_2,Area_6_personas_infectadas_por_sepa_sepa_3,Area_6_personas_infectadas_por_sepa_sepa_4,Area_6_personas_infectadas_vivas,Area_6_personas_infectadas_vivas_por_sepa_sepa_1,Area_6_personas_infectadas_vivas_por_sepa_sepa_2,Area_6_personas_infectadas_vivas_por_sepa_sepa_3,Area_6_personas_infectadas_vivas_por_sepa_sepa_4,Area_6_poblacion,Area_6_recreadores,Area_6_tipo,Area_6_trabajadores,Area_7_moyotes,Area_7_moyotes_infectados_area_sepa_1,Area_7_moyotes_infectados_area_sepa_2,Area_7_moyotes_infectados_area_sepa_3,Area_7_moyotes_infectados_area_sepa_4,Area_7_muertes,Area_7_muertes_por_sepa_sepa_1,Area_7_muertes_por_sepa_sepa_2,Area_7_muertes_por_sepa_sepa_3,Area_7_muertes_por_sepa_sepa_4,Area_7_personas_infectadas,Area_7_personas_infectadas_por_sepa_sepa_1,Area_7_personas_infectadas_por_sepa_sepa_2,Area_7_personas_infectadas_por_sepa_sepa_3,Area_7_personas_infectadas_por_sepa_sepa_4,Area_7_personas_infectadas_vivas,Area_7_personas_infectadas_vivas_por_sepa_sepa_1,Area_7_personas_infectadas_vivas_por_sepa_sepa_2,Area_7_personas_infectadas_vivas_por_sepa_sepa_3,Area_7_personas_infectadas_vivas_por_sepa_sepa_4,Area_7_poblacion,Area_7_recreadores,Area_7_tipo,Area_7_trabajadores,Area_8_moyotes,Area_8_moyotes_infectados_area_sepa_1,Area_8_moyotes_infectados_area_sepa_2,Area_8_moyotes_infectados_area_sepa_3,Area_8_moyotes_infectados_area_sepa_4,Area_8_muertes,Area_8_muertes_por_sepa_sepa_1,Area_8_muertes_por_sepa_sepa_2,Area_8_muertes_por_sepa_sepa_3,Area_8_muertes_por_sepa_sepa_4,Area_8_personas_infectadas,Area_8_personas_infectadas_por_sepa_sepa_1,Area_8_personas_infectadas_por_sepa_sepa_2,Area_8_personas_infectadas_por_sepa_sepa_3,Area_8_personas_infectadas_por_sepa_sepa_4,Area_8_personas_infectadas_vivas,Area_8_personas_infectadas_vivas_por_sepa_sepa_1,Area_8_personas_infectadas_vivas_por_sepa_sepa_2,Area_8_personas_infectadas_vivas_por_sepa_sepa_3,Area_8_personas_infectadas_vivas_por_sepa_sepa_4,Area_8_poblacion,Area_8_recreadores,Area_8_tipo,Area_8_trabajadores,Area_9_moyotes,Area_9_moyotes_infectados_area_sepa_1,Area_9_moyotes_infectados_area_sepa_2,Area_9_moyotes_infectados_area_sepa_3,Area_9_moyotes_infectados_area_sepa_4,Area_9_muertes,Area_9_muertes_por_sepa_sepa_1,Area_9_muertes_por_sepa_sepa_2,Area_9_muertes_por_sepa_sepa_3,Area_9_muertes_por_sepa_sepa_4,Area_9_personas_infectadas,Area_9_personas_infectadas_por_sepa_sepa_1,Area_9_personas_infectadas_por_sepa_sepa_2,Area_9_personas_infectadas_por_sepa_sepa_3,Area_9_personas_infectadas_por_sepa_sepa_4,Area_9_personas_infectadas_vivas,Area_9_personas_infectadas_vivas_por_sepa_sepa_1,Area_9_personas_infectadas_vivas_por_sepa_sepa_2,Area_9_personas_infectadas_vivas_por_sepa_sepa_3,Area_9_personas_infectadas_vivas_por_sepa_sepa_4,Area_9_poblacion,Area_9_recreadores,Area_9_tipo,Area_9_trabajadores,dia,habitantes,hospitalizados,infectados,moyotes_infectados_urbe_sepa_1,moyotes_infectados_urbe_sepa_2,moyotes_infectados_urbe_sepa_3,moyotes_infectados_urbe_sepa_4,moyotes_sanos_urbe,moyotes_urbe,muertos,numMoyotes,numMoyotesInfectados,num_charcos,panico,personas_infectadas_urbe_sepa_1,personas_infectadas_urbe_sepa_2,personas_infectadas_urbe_sepa_3,personas_infectadas_urbe_sepa_4,personas_sanos_urbe,personas_urbe,sepaMayor
0,816,0,0,0,0,0,0,0,0,0,0,0,0,0,0,0,0,0,0,0,256,0,RESIDENCIAL,83,612,0,1,1,0,0,0,0,0,0,0,0,0,0,0,0,0,0,0,0,128,0,RESIDENCIAL,43,816,0,1,0,0,0,0,0,0,0,0,0,0,0,0,0,0,0,0,0,64,0,RESIDENCIAL,19,408,0,0,0,0,0,0,0,0,0,0,0,0,0,0,0,0,0,0,0,252,0,RESIDENCIAL,84,204,0,0,0,0,0,0,0,0,0,0,0,0,0,0,0,0,0,0,0,189,0,RESIDENCIAL,66,1021,0,1,0,1,0,0,0,0,0,0,0,0,0,0,0,0,0,0,0,127,0,RESIDENCIAL,43,1023,0,0,1,0,0,0,0,0,0,0,0,0,0,0,0,0,0,0,0,64,1786,RECREATIVA,156,816,1,0,1,0,0,0,0,0,0,0,0,0,0,0,0,0,0,0,0,128,1824,RECREATIVA,190,612,0,1,0,0,0,0,0,0,0,0,0,0,0,0,0,0,0,0,0,320,1820,RECREATIVA,231,612,0,0,0,0,0,0,0,0,0,0,0,0,0,0,0,0,0,0,0,256,1787,RECREATIVA,205,816,0,1,0,0,0,0,0,0,0,0,0,0,0,0,0,0,0,0,0,128,1825,RECREATIVA,177,816,1,0,0,0,0,0,0,0,0,0,0,0,0,0,0,0,0,0,0,256,0,LABORAL,539,204,0,0,0,0,0,0,0,0,0,0,0,0,0,0,0,0,0,0,0,320,0,LABORAL,580,408,0,0,0,0,0,0,0,0,0,0,0,0,0,0,0,0,0,0,0,320,0,LABORAL,519,816,1,0,0,0,0,0,0,0,0,0,0,0,0,0,0,0,0,0,0,192,0,RESIDENCIAL,65,0,3000,0,0,3,5,3,1,9988,10000,0,10000,12,72,0.0,0,0,0,0,0,3000,1
1,816,0,0,0,0,0,0,0,0,0,0,0,0,0,0,0,0,0,0,0,256,0,RESIDENCIAL,83,612,0,1,1,0,0,0,0,0,0,4,0,2,2,0,4,0,2,2,0,128,0,RESIDENCIAL,43,816,0,1,0,0,0,0,0,0,0,2,0,2,0,0,2,0,2,0,0,64,0,RESIDENCIAL,19,408,0,0,0,0,0,0,0,0,0,0,0,0,0,0,0,0,0,0,0,252,0,RESIDENCIAL,84,204,0,0,0,0,0,0,0,0,0,0,0,0,0,0,0,0,0,0,0,189,0,RESIDENCIAL,66,1021,0,1,0,1,0,0,0,0,0,4,0,2,0,2,4,0,2,0,2,127,0,RESIDENCIAL,43,1023,0,0,1,0,0,0,0,0,0,2,0,0,2,0,2,0,0,2,0,64,1786,RECREATIVA,156,816,1,0,1,0,0,0,0,0,0,4,2,0,2,0,4,2,0,2,0,128,1824,RECREATIVA,190,612,0,1,0,0,0,0,0,0,0,2,0,2,0,0,2,0,2,0,0,320,1820,RECREATIVA,231,612,0,0,0,0,0,0,0,0,0,0,0,0,0,0,0,0,0,0,0,256,1787,RECREATIVA,205,816,0,1,0,0,0,0,0,0,0,2,0,2,0,0,2,0,2,0,0,128,1825,RECREATIVA,177,816,1,0,0,0,0,0,0,0,0,2,2,0,0,0,2,2,0,0,0,256,0,LABORAL,539,204,0,0,0,0,0,0,0,0,0,0,0,0,0,0,0,0,0,0,0,320,0,LABORAL,580,408,0,0,0,0,0,0,0,0,0,0,0,0,0,0,0,0,0,0,0,320,0,LABORAL,519,816,1,0,0,0,0,0,0,0,0,2,2,0,0,0,2,2,0,0,0,192,0,RESIDENCIAL,65,1,3000,0,24,3,5,3,1,9988,10000,0,10000,12,72,0.0,6,10,6,2,0,3000,2
2,816,0,0,0,0,0,0,0,0,0,0,0,0,0,0,0,0,0,0,0,256,0,RESIDENCIAL,83,612,0,1,1,0,0,0,0,0,0,4,0,2,2,0,4,0,2,2,0,128,0,RESIDENCIAL,43,816,0,1,0,0,0,0,0,0,0,2,0,2,0,0,2,0,2,0,0,64,0,RESIDENCIAL,19,408,0,0,0,0,0,0,0,0,0,0,0,0,0,0,0,0,0,0,0,252,0,RESIDENCIAL,84,204,0,0,0,0,0,0,0,0,0,0,0,0,0,0,0,0,0,0,0,189,0,RESIDENCIAL,66,1021,0,1,0,1,0,0,0,0,0,4,0,2,0,2,4,0,2,0,2,127,0,RESIDENCIAL,43,1023,0,0,1,0,0,0,0,0,0,2,0,0,2,0,2,0,0,2,0,64,1786,RECREATIVA,156,816,1,0,1,0,0,0,0,0,0,4,2,0,2,0,4,2,0,2,0,128,1824,RECREATIVA,190,612,0,1,0,0,0,0,0,0,0,2,0,2,0,0,2,0,2,0,0,320,1820,RECREATIVA,231,612,0,0,0,0,0,0,0,0,0,0,0,0,0,0,0,0,0,0,0,256,1787,RECREATIVA,205,816,0,1,0,0,0,0,0,0,0,2,0,2,0,0,2,0,2,0,0,128,1825,RECREATIVA,177,816,1,0,0,0,0,0,0,0,0,2,2,0,0,0,2,2,0,0,0,256,0,LABORAL,539,204,0,0,0,0,0,0,0,0,0,0,0,0,0,0,0,0,0,0,0,320,0,LABORAL,580,408,0,0,0,0,0,0,0,0,0,0,0,0,0,0,0,0,0,0,0,320,0,LABORAL,519,816,1,0,0,0,0,0,0,0,0,2,2,0,0,0,2,2,0,0,0,192,0,RESIDENCIAL,65,2,3000,0,24,3,5,3,1,9988,10000,0,10000,12,144,0.0,6,10,6,2,0,3000,2
3,816,0,0,0,0,0,0,0,0,0,0,0,0,0,0,0,0,0,0,0,256,0,RESIDENCIAL,83,612,0,1,1,0,0,0,0,0,0,4,0,2,2,0,4,0,2,2,0,128,0,RESIDENCIAL,43,816,0,1,0,0,0,0,0,0,0,2,0,2,0,0,2,0,2,0,0,64,0,RESIDENCIAL,19,408,0,0,0,0,0,0,0,0,0,0,0,0,0,0,0,0,0,0,0,252,0,RESIDENCIAL,84,204,0,0,0,0,0,0,0,0,0,0,0,0,0,0,0,0,0,0,0,189,0,RESIDENCIAL,66,1021,0,1,0,1,0,0,0,0,0,4,0,2,0,2,4,0,2,0,2,127,0,RESIDENCIAL,43,1023,0,0,1,0,0,0,0,0,0,2,0,0,2,0,2,0,0,2,0,64,1786,RECREATIVA,156,816,1,0,1,0,0,0,0,0,0,4,2,0,2,0,4,2,0,2,0,128,1824,RECREATIVA,190,612,0,1,0,0,0,0,0,0,0,2,0,2,0,0,2,0,2,0,0,320,1820,RECREATIVA,231,612,0,0,0,0,0,0,0,0,0,0,0,0,0,0,0,0,0,0,0,256,1787,RECREATIVA,205,816,0,1,0,0,0,0,0,0,0,2,0,2,0,0,2,0,2,0,0,128,1825,RECREATIVA,177,816,1,0,0,0,0,0,0,0,0,2,2,0,0,0,2,2,0,0,0,256,0,LABORAL,539,204,0,0,0,0,0,0,0,0,0,0,0,0,0,0,0,0,0,0,0,320,0,LABORAL,580,408,0,0,0,0,0,0,0,0,0,0,0,0,0,0,0,0,0,0,0,320,0,LABORAL,519,816,1,0,0,0,0,0,0,0,0,2,2,0,0,0,2,2,0,0,0,192,0,RESIDENCIAL,65,3,3000,0,24,3,5,3,1,9988,10000,0,10000,12,208,0.0,6,10,6,2,0,3000,2
4,816,0,0,0,0,0,0,0,0,0,0,0,0,0,0,0,0,0,0,0,256,0,RESIDENCIAL,83,612,0,1,1,0,0,0,0,0,0,4,0,2,2,0,4,0,2,2,0,128,0,RESIDENCIAL,43,816,0,1,0,0,0,0,0,0,0,2,0,2,0,0,2,0,2,0,0,64,0,RESIDENCIAL,19,408,0,0,0,0,0,0,0,0,0,0,0,0,0,0,0,0,0,0,0,252,0,RESIDENCIAL,84,204,0,0,0,0,0,0,0,0,0,0,0,0,0,0,0,0,0,0,0,189,0,RESIDENCIAL,66,1021,0,1,0,1,0,0,0,0,0,4,0,2,0,2,4,0,2,0,2,127,0,RESIDENCIAL,43,1023,0,0,1,0,0,0,0,0,0,2,0,0,2,0,2,0,0,2,0,64,1786,RECREATIVA,156,816,1,0,1,0,0,0,0,0,0,4,2,0,2,0,4,2,0,2,0,128,1824,RECREATIVA,190,612,0,1,0,0,0,0,0,0,0,2,0,2,0,0,2,0,2,0,0,320,1820,RECREATIVA,231,612,0,0,0,0,0,0,0,0,0,0,0,0,0,0,0,0,0,0,0,256,1787,RECREATIVA,205,816,0,1,0,0,0,0,0,0,0,2,0,2,0,0,2,0,2,0,0,128,1825,RECREATIVA,177,816,1,0,0,0,0,0,0,0,0,2,2,0,0,0,2,2,0,0,0,256,0,LABORAL,539,204,0,0,0,0,0,0,0,0,0,0,0,0,0,0,0,0,0,0,0,320,0,LABORAL,580,408,0,0,0,0,0,0,0,0,0,0,0,0,0,0,0,0,0,0,0,320,0,LABORAL,519,816,1,0,0,0,0,0,0,0,0,2,2,0,0,0,2,2,0,0,0,192,0,RESIDENCIAL,65,4,3000,0,24,3,5,3,1,9988,10000,0,10000,12,248,0.0,6,10,6,2,0,3000,2
5,816,0,0,0,0,0,0,0,0,0,0,0,0,0,0,0,0,0,0,0,256,0,RESIDENCIAL,83,612,0,1,1,0,0,0,0,0,0,4,0,2,2,0,4,0,2,2,0,128,0,RESIDENCIAL,43,816,0,1,0,0,0,0,0,0,0,2,0,2,0,0,2,0,2,0,0,64,0,RESIDENCIAL,19,408,0,0,0,0,0,0,0,0,0,0,0,0,0,0,0,0,0,0,0,252,0,RESIDENCIAL,84,204,0,0,0,0,0,0,0,0,0,0,0,0,0,0,0,0,0,0,0,189,0,RESIDENCIAL,66,1021,0,1,0,1,0,0,0,0,0,4,0,2,0,2,4,0,2,0,2,127,0,RESIDENCIAL,43,1023,0,0,1,0,0,0,0,0,0,4,0,0,4,0,4,0,0,4,0,64,1786,RECREATIVA,156,816,1,0,1,0,0,0,0,0,0,7,4,0,3,0,7,4,0,3,0,128,1824,RECREATIVA,190,612,0,1,0,0,0,0,0,0,0,2,0,2,0,0,2,0,2,0,0,320,1820,RECREATIVA,231,612,0,0,0,0,0,0,0,0,0,0,0,0,0,0,0,0,0,0,0,256,1787,RECREATIVA,205,816,0,1,0,0,0,0,0,0,0,2,0,2,0,0,2,0,2,0,0,128,1825,RECREATIVA,177,816,1,0,0,0,0,0,0,0,0,2,2,0,0,0,2,2,0,0,0,256,0,LABORAL,539,204,0,0,0,0,0,0,0,0,0,0,0,0,0,0,0,0,0,0,0,320,0,LABORAL,580,408,0,0,0,0,0,0,0,0,0,0,0,0,0,0,0,0,0,0,0,320,0,LABORAL,519,816,1,0,0,0,0,0,0,0,0,2,2,0,0,0,2,2,0,0,0,192,0,RESIDENCIAL,65,5,3000,0,29,3,5,3,1,9988,10000,0,10000,12,260,0.0,8,10,9,2,0,3000,2
6,816,0,0,0,0,0,0,0,0,0,0,0,0,0,0,0,0,0,0,0,256,0,RESIDENCIAL,83,612,0,1,1,0,0,0,0,0,0,4,0,2,2,0,4,0,2,2,0,128,0,RESIDENCIAL,43,816,0,1,0,0,0,0,0,0,0,2,0,2,0,0,2,0,2,0,0,64,0,RESIDENCIAL,19,408,0,0,0,0,0,0,0,0,0,0,0,0,0,0,0,0,0,0,0,252,0,RESIDENCIAL,84,204,0,0,0,0,0,0,0,0,0,0,0,0,0,0,0,0,0,0,0,189,0,RESIDENCIAL,66,1021,0,1,0,1,0,0,0,0,0,4,0,2,0,2,4,0,2,0,2,127,0,RESIDENCIAL,43,1023,0,0,1,0,0,0,0,0,0,4,0,0,4,0,4,0,0,4,0,64,1786,RECREATIVA,156,816,1,0,1,0,0,0,0,0,0,7,4,0,3,0,7,4,0,3,0,128,1824,RECREATIVA,190,612,0,1,0,0,0,0,0,0,0,2,0,2,0,0,2,0,2,0,0,320,1820,RECREATIVA,231,612,0,0,0,0,0,0,0,0,0,0,0,0,0,0,0,0,0,0,0,256,1787,RECREATIVA,205,816,0,1,0,0,0,0,0,0,0,4,0,4,0,0,4,0,4,0,0,128,1825,RECREATIVA,177,816,1,0,0,0,0,0,0,0,0,2,2,0,0,0,2,2,0,0,0,256,0,LABORAL,539,204,0,0,0,0,0,0,0,0,0,0,0,0,0,0,0,0,0,0,0,320,0,LABORAL,580,408,0,0,0,0,0,0,0,0,0,0,0,0,0,0,0,0,0,0,0,320,0,LABORAL,519,816,1,0,0,0,0,0,0,0,0,2,2,0,0,0,2,2,0,0,0,192,0,RESIDENCIAL,65,6,3000,0,31,3,5,3,1,9988,10000,0,10000,12,268,0.0,8,12,9,2,0,3000,2
7,816,0,0,0,0,0,0,0,0,0,0,0,0,0,0,0,0,0,0,0,256,0,RESIDENCIAL,83,612,0,1,1,0,0,0,0,0,0,4,0,2,2,0,4,0,2,2,0,128,0,RESIDENCIAL,43,816,0,1,0,0,0,0,0,0,0,2,0,2,0,0,2,0,2,0,0,64,0,RESIDENCIAL,19,408,0,0,0,0,0,0,0,0,0,0,0,0,0,0,0,0,0,0,0,252,0,RESIDENCIAL,84,204,0,0,0,0,0,0,0,0,0,0,0,0,0,0,0,0,0,0,0,189,0,RESIDENCIAL,66,1021,0,1,0,1,0,0,0,0,0,4,0,2,0,2,4,0,2,0,2,127,0,RESIDENCIAL,43,1023,0,0,1,0,0,0,0,0,0,4,0,0,4,0,4,0,0,4,0,64,1786,RECREATIVA,156,816,1,0,1,0,0,0,0,0,0,7,4,0,3,0,7,4,0,3,0,128,1824,RECREATIVA,190,612,0,1,0,0,0,0,0,0,0,2,0,2,0,0,2,0,2,0,0,320,1820,RECREATIVA,231,612,0,0,0,0,0,0,0,0,0,0,0,0,0,0,0,0,0,0,0,256,1787,RECREATIVA,205,816,0,1,0,0,0,0,0,0,0,4,0,4,0,0,4,0,4,0,0,128,1825,RECREATIVA,177,816,1,0,0,0,0,0,0,0,0,2,2,0,0,0,2,2,0,0,0,256,0,LABORAL,539,204,0,0,0,0,0,0,0,0,0,0,0,0,0,0,0,0,0,0,0,320,0,LABORAL,580,408,0,0,0,0,0,0,0,0,0,0,0,0,0,0,0,0,0,0,0,320,0,LABORAL,519,816,1,0,0,0,0,0,0,0,0,2,2,0,0,0,2,2,0,0,0,192,0,RESIDENCIAL,65,7,3000,0,31,3,5,3,1,9988,10000,0,10000,12,324,0.0,8,12,9,2,0,3000,2
8,816,0,0,0,0,0,0,0,0,0,0,0,0,0,0,0,0,0,0,0,256,0,RESIDENCIAL,83,612,0,1,1,0,1,0,1,0,0,4,0,2,2,0,3,0,1,2,0,126,0,RESIDENCIAL,42,816,0,1,0,0,0,0,0,0,0,2,0,2,0,0,2,0,2,0,0,64,0,RESIDENCIAL,19,408,0,0,0,0,0,0,0,0,0,0,0,0,0,0,0,0,0,0,0,252,0,RESIDENCIAL,84,204,0,0,0,0,0,0,0,0,0,0,0,0,0,0,0,0,0,0,0,189,0,RESIDENCIAL,66,1021,0,1,0,1,0,0,0,0,0,4,0,2,0,2,4,0,2,0,2,126,0,RESIDENCIAL,42,1023,0,0,1,0,1,0,0,1,0,4,0,0,4,0,4,0,0,4,0,63,1786,RECREATIVA,154,816,1,0,1,0,1,0,0,1,0,7,4,0,3,0,7,4,0,3,0,127,1824,RECREATIVA,189,612,0,1,0,0,0,0,0,0,0,2,0,2,0,0,2,0,2,0,0,320,1820,RECREATIVA,231,612,0,0,0,0,0,0,0,0,0,0,0,0,0,0,0,0,0,0,0,256,1787,RECREATIVA,205,816,0,1,0,0,1,0,1,0,0,4,0,4,0,0,4,0,4,0,0,127,1825,RECREATIVA,176,816,1,0,0,0,1,1,0,0,0,2,2,0,0,0,2,2,0,0,0,255,0,LABORAL,539,204,0,0,0,0,0,0,0,0,0,0,0,0,0,0,0,0,0,0,0,320,0,LABORAL,579,408,0,0,0,0,0,0,0,0,0,0,0,0,0,0,0,0,0,0,0,320,0,LABORAL,518,816,1,0,0,0,1,1,0,0,0,2,2,0,0,0,1,1,0,0,0,191,0,RESIDENCIAL,65,8,2994,2,31,3,5,3,1,9988,10000,6,10000,12,324,0.0,8,12,9,2,0,2994,2
9,816,0,0,0,0,0,0,0,0,0,0,0,0,0,0,0,0,0,0,0,256,0,RESIDENCIAL,83,612,0,1,1,0,1,0,1,0,0,6,0,4,2,0,5,0,3,2,0,125,0,RESIDENCIAL,42,816,0,1,0,0,0,0,0,0,0,2,0,2,0,0,2,0,2,0,0,64,0,RESIDENCIAL,19,408,0,0,0,0,0,0,0,0,0,0,0,0,0,0,0,0,0,0,0,252,0,RESIDENCIAL,84,204,0,0,0,0,0,0,0,0,0,0,0,0,0,0,0,0,0,0,0,189,0,RESIDENCIAL,66,1021,0,1,0,1,1,0,0,0,1,4,0,2,0,2,4,0,2,0,2,125,0,RESIDENCIAL,42,1023,0,0,1,0,2,0,0,1,0,6,0,0,6,0,5,0,0,5,0,62,1786,RECREATIVA,153,816,1,0,1,0,2,0,0,1,0,9,4,0,5,0,9,4,0,5,0,126,1824,RECREATIVA,188,612,0,1,0,0,0,0,0,0,0,2,0,2,0,0,2,0,2,0,0,320,1820,RECREATIVA,231,612,0,0,0,0,0,0,0,0,0,0,0,0,0,0,0,0,0,0,0,256,1787,RECREATIVA,205,816,0,1,0,0,1,0,1,0,0,4,0,4,0,0,4,0,4,0,0,127,1825,RECREATIVA,176,816,1,0,0,0,1,1,0,0,0,2,2,0,0,0,2,2,0,0,0,255,0,LABORAL,538,204,0,0,0,0,0,0,0,0,0,0,0,0,0,0,0,0,0,0,0,320,0,LABORAL,579,408,0,0,0,0,0,0,0,0,0,0,0,0,0,0,0,0,0,0,0,320,0,LABORAL,517,816,1,0,0,0,1,1,0,0,0,2,2,0,0,0,1,1,0,0,0,191,0,RESIDENCIAL,65,9,2991,3,37,3,5,3,1,9988,10000,9,10000,12,324,0.0,8,14,13,2,0,2991,2
10,816,0,0,0,0,0,0,0,0,0,0,0,0,0,0,0,0,0,0,0,256,0,RESIDENCIAL,83,612,0,1,1,0,1,0,1,0,0,8,0,4,4,0,7,0,3,4,0,125,0,RESIDENCIAL,42,3169,0,1,0,0,0,0,0,0,0,2,0,2,0,0,2,0,2,0,0,64,0,RESIDENCIAL,19,408,0,0,0,0,0,0,0,0,0,0,0,0,0,0,0,0,0,0,0,252,0,RESIDENCIAL,84,204,0,0,0,0,0,0,0,0,0,0,0,0,0,0,0,0,0,0,0,189,0,RESIDENCIAL,66,1021,0,1,0,1,1,0,0,0,1,4,0,2,0,2,4,0,2,0,2,125,0,RESIDENCIAL,42,2408,0,0,1,0,2,0,0,1,0,6,0,0,6,0,5,0,0,5,0,62,1786,RECREATIVA,153,816,1,0,1,0,3,1,0,1,0,11,6,0,5,0,11,6,0,5,0,125,1824,RECREATIVA,188,2497,0,1,0,0,0,0,0,0,0,2,0,2,0,0,2,0,2,0,0,320,1820,RECREATIVA,231,612,0,0,0,0,0,0,0,0,0,0,0,0,0,0,0,0,0,0,0,256,1787,RECREATIVA,205,816,0,1,0,0,1,0,1,0,0,4,0,4,0,0,4,0,4,0,0,126,1825,RECREATIVA,176,816,1,0,0,0,1,1,0,0,0,2,2,0,0,0,2,2,0,0,0,255,0,LABORAL,538,204,0,0,0,0,0,0,0,0,0,0,0,0,0,0,0,0,0,0,0,320,0,LABORAL,579,408,0,0,0,0,0,0,0,0,0,0,0,0,0,0,0,0,0,0,0,320,0,LABORAL,515,816,1,0,0,0,2,1,0,0,0,2,2,0,0,0,1,1,0,0,0,190,0,RESIDENCIAL,64,10,2989,4,36,3,5,48,1,52403,52460,11,52460,57,348,0.0,8,12,14,2,0,2989,3
11,816,0,0,0,0,0,0,0,0,0,0,0,0,0,0,0,0,0,0,0,256,0,RESIDENCIAL,83,612,0,1,1,0,1,0,1,0,0,8,0,4,4,0,7,0,3,4,0,126,0,RESIDENCIAL,43,3169,0,1,0,0,0,0,0,0,0,2,0,2,0,0,2,0,2,0,0,64,0,RESIDENCIAL,19,408,0,0,0,0,0,0,0,0,0,0,0,0,0,0,0,0,0,0,0,252,0,RESIDENCIAL,84,204,0,0,0,0,0,0,0,0,0,0,0,0,0,0,0,0,0,0,0,189,0,RESIDENCIAL,66,1021,0,1,0,1,1,0,0,0,1,4,0,2,0,2,4,0,2,0,2,126,0,RESIDENCIAL,43,4267,0,0,1,0,2,0,0,1,0,6,0,0,6,0,5,0,0,5,0,62,1786,RECREATIVA,153,816,1,0,1,0,3,1,0,1,0,11,6,0,5,0,11,6,0,5,0,125,1824,RECREATIVA,188,4962,0,1,0,0,0,0,0,0,0,2,0,2,0,0,2,0,2,0,0,320,1820,RECREATIVA,231,612,0,0,0,0,0,0,0,0,0,0,0,0,0,0,0,0,0,0,0,256,1787,RECREATIVA,205,816,0,1,0,0,1,0,1,0,0,6,0,6,0,0,6,0,6,0,0,127,1825,RECREATIVA,176,816,1,0,0,0,1,1,0,0,0,2,2,0,0,0,2,2,0,0,0,255,0,LABORAL,538,204,0,0,0,0,0,0,0,0,0,0,0,0,0,0,0,0,0,0,0,320,0,LABORAL,579,408,0,0,0,0,0,0,0,0,0,0,0,0,0,0,0,0,0,0,0,320,0,LABORAL,516,816,1,0,0,0,2,1,0,0,0,2,2,0,0,0,1,1,0,0,0,190,0,RESIDENCIAL,64,11,2989,1,21,3,5,48,1,81584,81641,11,81641,57,348,0.0,4,7,10,0,0,2989,3
12,816,0,0,0,0,0,0,0,0,0,0,0,0,0,0,0,0,0,0,0,256,0,RESIDENCIAL,83,612,0,1,1,0,1,0,1,0,0,8,0,4,4,0,7,0,3,4,0,127,0,RESIDENCIAL,43,3169,0,1,0,0,0,0,0,0,0,2,0,2,0,0,2,0,2,0,0,64,0,RESIDENCIAL,19,408,0,0,0,0,0,0,0,0,0,0,0,0,0,0,0,0,0,0,0,252,0,RESIDENCIAL,84,204,0,0,0,0,0,0,0,0,0,0,0,0,0,0,0,0,0,0,0,189,0,RESIDENCIAL,66,1021,0,1,0,1,1,0,0,0,1,4,0,2,0,2,4,0,2,0,2,126,0,RESIDENCIAL,43,4267,0,0,1,0,2,0,0,1,0,6,0,0,6,0,5,0,0,5,0,62,1786,RECREATIVA,153,816,1,0,1,0,3,1,0,1,0,11,6,0,5,0,11,6,0,5,0,125,1824,RECREATIVA,188,4962,0,1,0,0,0,0,0,0,0,2,0,2,0,0,2,0,2,0,0,320,1820,RECREATIVA,231,612,0,0,0,0,0,0,0,0,0,0,0,0,0,0,0,0,0,0,0,256,1787,RECREATIVA,205,816,0,1,0,0,1,0,1,0,0,6,0,6,0,0,6,0,6,0,0,127,1825,RECREATIVA,176,816,1,0,0,0,1,1,0,0,0,2,2,0,0,0,2,2,0,0,0,255,0,LABORAL,538,204,0,0,0,0,0,0,0,0,0,0,0,0,0,0,0,0,0,0,0,320,0,LABORAL,579,408,0,0,0,0,0,0,0,0,0,0,0,0,0,0,0,0,0,0,0,320,0,LABORAL,517,816,1,0,0,0,2,1,0,0,0,2,2,0,0,0,1,1,0,0,0,190,0,RESIDENCIAL,64,12,2989,0,19,3,5,48,1,81584,81641,11,81641,57,404,0.0,4,6,9,0,0,2989,3
13,816,0,0,0,0,0,0,0,0,0,0,0,0,0,0,0,0,0,0,0,256,0,RESIDENCIAL,83,612,0,1,1,0,1,0,1,0,0,8,0,4,4,0,7,0,3,4,0,127,0,RESIDENCIAL,43,3169,0,1,0,0,0,0,0,0,0,2,0,2,0,0,2,0,2,0,0,64,0,RESIDENCIAL,19,408,0,0,0,0,0,0,0,0,0,0,0,0,0,0,0,0,0,0,0,252,0,RESIDENCIAL,84,204,0,0,0,0,0,0,0,0,0,0,0,0,0,0,0,0,0,0,0,189,0,RESIDENCIAL,66,1021,0,1,0,1,1,0,0,0,1,4,0,2,0,2,4,0,2,0,2,126,0,RESIDENCIAL,43,4267,0,0,1,0,2,0,0,1,0,8,0,0,8,0,7,0,0,7,0,62,1786,RECREATIVA,153,816,1,0,1,0,5,1,0,1,0,13,6,0,7,0,12,5,0,7,0,123,1824,RECREATIVA,187,4962,0,1,0,0,0,0,0,0,0,2,0,2,0,0,2,0,2,0,0,320,1820,RECREATIVA,231,612,0,0,0,0,0,0,0,0,0,0,0,0,0,0,0,0,0,0,0,256,1787,RECREATIVA,205,816,0,1,0,0,1,0,1,0,0,6,0,6,0,0,6,0,6,0,0,127,1825,RECREATIVA,176,816,1,0,0,0,1,1,0,0,0,2,2,0,0,0,2,2,0,0,0,255,0,LABORAL,537,204,0,0,0,0,0,0,0,0,0,0,0,0,0,0,0,0,0,0,0,320,0,LABORAL,579,408,0,0,0,0,0,0,0,0,0,0,0,0,0,0,0,0,0,0,0,320,0,LABORAL,517,816,1,0,0,0,2,1,0,0,0,2,2,0,0,0,1,1,0,0,0,190,0,RESIDENCIAL,64,13,2987,0,23,3,5,48,1,81584,81641,13,81641,57,404,0.0,4,6,13,0,0,2987,3
14,816,0,0,0,0,0,0,0,0,0,0,0,0,0,0,0,0,0,0,0,256,0,RESIDENCIAL,83,612,0,1,1,0,1,0,1,0,0,10,0,6,4,0,9,0,5,4,0,127,0,RESIDENCIAL,43,3169,0,1,0,0,0,0,0,0,0,2,0,2,0,0,2,0,2,0,0,64,0,RESIDENCIAL,19,408,0,0,0,0,0,0,0,0,0,0,0,0,0,0,0,0,0,0,0,252,0,RESIDENCIAL,84,204,0,0,0,0,0,0,0,0,0,0,0,0,0,0,0,0,0,0,0,189,0,RESIDENCIAL,66,1021,0,1,0,1,1,0,0,0,1,4,0,2,0,2,4,0,2,0,2,126,0,RESIDENCIAL,43,4267,0,0,1,0,2,0,0,1,0,8,0,0,8,0,7,0,0,7,0,62,1786,RECREATIVA,153,816,1,0,1,0,5,1,0,1,0,15,8,0,7,0,14,7,0,7,0,123,1824,RECREATIVA,187,4962,0,1,0,0,0,0,0,0,0,4,0,4,0,0,4,0,4,0,0,320,1820,RECREATIVA,231,612,0,0,0,0,0,0,0,0,0,0,0,0,0,0,0,0,0,0,0,256,1787,RECREATIVA,205,816,0,1,0,0,1,0,1,0,0,6,0,6,0,0,6,0,6,0,0,127,1825,RECREATIVA,176,816,1,0,0,0,1,1,0,0,0,4,4,0,0,0,4,4,0,0,0,255,0,LABORAL,537,204,0,0,0,0,0,0,0,0,0,0,0,0,0,0,0,0,0,0,0,320,0,LABORAL,579,408,0,0,0,0,0,0,0,0,0,0,0,0,0,0,0,0,0,0,0,320,0,LABORAL,517,816,1,0,0,0,2,1,0,0,0,2,2,0,0,0,1,1,0,0,0,190,0,RESIDENCIAL,64,14,2987,0,30,3,5,48,1,81584,81641,13,81641,57,468,0.0,8,10,12,0,0,2987,3
15,816,0,0,0,0,0,0,0,0,0,0,0,0,0,0,0,0,0,0,0,256,0,RESIDENCIAL,83,612,0,1,1,0,1,0,1,0,0,12,0,6,6,0,11,0,5,6,0,127,0,RESIDENCIAL,43,3169,0,1,0,0,0,0,0,0,0,4,0,4,0,0,4,0,4,0,0,64,0,RESIDENCIAL,19,408,0,0,0,0,0,0,0,0,0,0,0,0,0,0,0,0,0,0,0,252,0,RESIDENCIAL,84,204,0,0,0,0,0,0,0,0,0,0,0,0,0,0,0,0,0,0,0,189,0,RESIDENCIAL,66,1021,0,1,0,1,1,0,0,0,1,4,0,2,0,2,4,0,2,0,2,126,0,RESIDENCIAL,43,4267,0,0,1,0,2,0,0,1,0,8,0,0,8,0,7,0,0,7,0,62,1786,RECREATIVA,153,816,1,0,1,0,6,1,0,1,0,15,8,0,7,0,14,7,0,7,0,122,1824,RECREATIVA,186,4962,0,1,0,0,0,0,0,0,0,4,0,4,0,0,4,0,4,0,0,320,1820,RECREATIVA,231,612,0,0,0,0,0,0,0,0,0,0,0,0,0,0,0,0,0,0,0,256,1787,RECREATIVA,205,816,0,1,0,0,1,0,1,0,0,6,0,6,0,0,6,0,6,0,0,127,1825,RECREATIVA,176,816,1,0,0,0,1,1,0,0,0,4,4,0,0,0,4,4,0,0,0,255,0,LABORAL,537,204,0,0,0,0,0,0,0,0,0,0,0,0,0,0,0,0,0,0,0,320,0,LABORAL,579,408,0,0,0,0,0,0,0,0,0,0,0,0,0,0,0,0,0,0,0,320,0,LABORAL,517,816,1,0,0,0,2,1,0,0,0,2,2,0,0,0,1,1,0,0,0,190,0,RESIDENCIAL,64,15,2986,0,31,3,5,48,1,151389,151446,14,151446,57,484,0.0,7,11,13,0,0,2986,3
16,816,0,0,0,0,0,0,0,0,0,0,0,0,0,0,0,0,0,0,0,256,0,RESIDENCIAL,83,612,0,1,1,0,2,0,1,0,0,12,0,6,6,0,11,0,5,6,0,126,0,RESIDENCIAL,43,3169,0,1,0,0,0,0,0,0,0,4,0,4,0,0,4,0,4,0,0,64,0,RESIDENCIAL,19,408,0,0,0,0,0,0,0,0,0,0,0,0,0,0,0,0,0,0,0,252,0,RESIDENCIAL,84,204,0,0,0,0,0,0,0,0,0,0,0,0,0,0,0,0,0,0,0,189,0,RESIDENCIAL,66,1021,0,1,0,1,1,0,0,0,1,4,0,2,0,2,4,0,2,0,2,126,0,RESIDENCIAL,43,4267,0,0,1,0,3,0,0,1,0,8,0,0,8,0,7,0,0,7,0,61,1786,RECREATIVA,152,816,1,0,1,0,7,1,0,1,0,15,8,0,7,0,14,7,0,7,0,121,1824,RECREATIVA,186,4962,0,1,0,0,0,0,0,0,0,4,0,4,0,0,4,0,4,0,0,320,1820,RECREATIVA,231,612,0,0,0,0,0,0,0,0,0,0,0,0,0,0,0,0,0,0,0,256,1787,RECREATIVA,205,816,0,1,0,0,1,0,1,0,0,8,0,8,0,0,8,0,8,0,0,127,1825,RECREATIVA,176,816,1,0,0,0,1,1,0,0,0,4,4,0,0,0,4,4,0,0,0,255,0,LABORAL,537,204,0,0,0,0,0,0,0,0,0,0,0,0,0,0,0,0,0,0,0,320,0,LABORAL,578,408,0,0,0,0,0,0,0,0,0,0,0,0,0,0,0,0,0,0,0,320,0,LABORAL,516,816,1,0,0,0,2,1,0,0,0,2,2,0,0,0,1,1,0,0,0,190,0,RESIDENCIAL,64,16,2983,0,30,3,5,48,1,171466,171523,17,171523,57,532,0.0,6,12,12,0,0,2983,2
17,816,0,0,0,0,0,0,0,0,0,0,0,0,0,0,0,0,0,0,0,256,0,RESIDENCIAL,83,612,0,1,1,0,3,0,1,1,0,12,0,6,6,0,11,0,5,6,0,125,0,RESIDENCIAL,42,3169,0,1,0,0,0,0,0,0,0,4,0,4,0,0,4,0,4,0,0,64,0,RESIDENCIAL,19,408,0,0,0,0,0,0,0,0,0,0,0,0,0,0,0,0,0,0,0,252,0,RESIDENCIAL,84,204,0,0,0,0,0,0,0,0,0,0,0,0,0,0,0,0,0,0,0,189,0,RESIDENCIAL,66,1021,0,1,0,1,1,0,0,0,1,4,0,2,0,2,4,0,2,0,2,126,0,RESIDENCIAL,43,4267,0,0,1,0,3,0,0,1,0,10,0,0,10,0,9,0,0,9,0,61,1786,RECREATIVA,152,816,1,0,1,0,7,1,0,1,0,17,8,0,9,0,16,7,0,9,0,121,1824,RECREATIVA,186,4962,0,1,0,0,0,0,0,0,0,4,0,4,0,0,4,0,4,0,0,320,1820,RECREATIVA,231,612,0,0,0,0,0,0,0,0,0,0,0,0,0,0,0,0,0,0,0,256,1787,RECREATIVA,205,816,0,1,0,0,1,0,1,0,0,8,0,8,0,0,8,0,8,0,0,127,1825,RECREATIVA,176,816,1,0,0,0,1,1,0,0,0,4,4,0,0,0,4,4,0,0,0,255,0,LABORAL,537,204,0,0,0,0,0,0,0,0,0,0,0,0,0,0,0,0,0,0,0,320,0,LABORAL,578,408,0,0,0,0,0,0,0,0,0,0,0,0,0,0,0,0,0,0,0,320,0,LABORAL,516,816,1,0,0,0,2,1,0,0,0,2,2,0,0,0,1,1,0,0,0,190,0,RESIDENCIAL,64,17,2982,0,34,3,5,48,1,171466,171523,18,171523,57,580,0.0,6,12,16,0,0,2982,3
18,816,0,0,0,0,0,0,0,0,0,0,0,0,0,0,0,0,0,0,0,256,0,RESIDENCIAL,83,612,0,1,1,0,4,0,1,1,0,14,0,8,6,0,13,0,7,6,0,124,0,RESIDENCIAL,42,3169,0,1,0,0,0,0,0,0,0,4,0,4,0,0,4,0,4,0,0,64,0,RESIDENCIAL,19,408,0,0,0,0,0,0,0,0,0,0,0,0,0,0,0,0,0,0,0,252,0,RESIDENCIAL,84,204,0,0,0,0,0,0,0,0,0,0,0,0,0,0,0,0,0,0,0,189,0,RESIDENCIAL,66,1021,0,1,0,1,1,0,0,0,1,4,0,2,0,2,4,0,2,0,2,126,0,RESIDENCIAL,43,4267,0,0,1,0,3,0,0,1,0,10,0,0,10,0,9,0,0,9,0,61,1786,RECREATIVA,152,816,1,0,1,0,7,1,0,1,0,19,10,0,9,0,18,9,0,9,0,121,1824,RECREATIVA,186,4962,0,1,0,0,0,0,0,0,0,4,0,4,0,0,4,0,4,0,0,320,1820,RECREATIVA,231,612,0,0,0,0,0,0,0,0,0,0,0,0,0,0,0,0,0,0,0,256,1787,RECREATIVA,205,816,0,1,0,0,1,0,1,0,0,8,0,8,0,0,8,0,8,0,0,127,1825,RECREATIVA,176,816,1,0,0,0,1,1,0,0,0,6,6,0,0,0,6,6,0,0,0,255,0,LABORAL,536,204,0,0,0,0,0,0,0,0,0,0,0,0,0,0,0,0,0,0,0,320,0,LABORAL,578,408,0,0,0,0,0,0,0,0,0,0,0,0,0,0,0,0,0,0,0,320,0,LABORAL,516,816,1,0,0,0,2,1,0,0,0,2,2,0,0,0,1,1,0,0,0,190,0,RESIDENCIAL,64,18,2981,0,38,3,5,48,1,172305,172362,19,172362,57,612,0.0,10,14,14,0,0,2981,2
19,816,0,0,0,0,0,0,0,0,0,0,0,0,0,0,0,0,0,0,0,256,0,RESIDENCIAL,83,612,0,1,1,0,4,0,1,1,0,14,0,8,6,0,13,0,7,6,0,124,0,RESIDENCIAL,42,3169,0,1,0,0,0,0,0,0,0,6,0,6,0,0,6,0,6,0,0,64,0,RESIDENCIAL,19,408,0,0,0,0,0,0,0,0,0,0,0,0,0,0,0,0,0,0,0,252,0,RESIDENCIAL,84,204,0,0,0,0,0,0,0,0,0,0,0,0,0,0,0,0,0,0,0,189,0,RESIDENCIAL,66,1021,0,1,0,1,1,0,0,0,1,4,0,2,0,2,4,0,2,0,2,126,0,RESIDENCIAL,43,4267,0,0,1,0,3,0,0,1,0,10,0,0,10,0,9,0,0,9,0,61,1786,RECREATIVA,152,816,1,0,1,0,7,1,0,1,0,19,10,0,9,0,18,9,0,9,0,121,1824,RECREATIVA,186,4962,0,1,0,0,0,0,0,0,0,4,0,4,0,0,4,0,4,0,0,320,1820,RECREATIVA,231,612,0,0,0,0,0,0,0,0,0,0,0,0,0,0,0,0,0,0,0,256,1787,RECREATIVA,205,816,0,1,0,0,1,0,1,0,0,8,0,8,0,0,8,0,8,0,0,127,1825,RECREATIVA,176,816,1,0,0,0,1,1,0,0,0,6,6,0,0,0,6,6,0,0,0,255,0,LABORAL,536,204,0,0,0,0,0,0,0,0,0,0,0,0,0,0,0,0,0,0,0,320,0,LABORAL,578,408,0,0,0,0,0,0,0,0,0,0,0,0,0,0,0,0,0,0,0,320,0,LABORAL,516,816,1,0,0,0,2,1,0,0,0,4,4,0,0,0,3,3,0,0,0,190,0,RESIDENCIAL,64,19,2981,0,38,3,5,48,1,176624,176681,19,176681,57,612,0.0,11,14,13,0,0,2981,2
20,816,0,0,0,0,0,0,0,0,0,0,0,0,0,0,0,0,0,0,0,256,0,RESIDENCIAL,83,612,0,1,1,0,5,0,1,1,0,16,0,8,8,0,15,0,7,8,0,122,0,RESIDENCIAL,41,3169,0,1,0,0,0,0,0,0,0,6,0,6,0,0,6,0,6,0,0,64,0,RESIDENCIAL,19,408,0,0,0,0,0,0,0,0,0,0,0,0,0,0,0,0,0,0,0,252,0,RESIDENCIAL,84,204,0,0,0,0,0,0,0,0,0,0,0,0,0,0,0,0,0,0,0,189,0,RESIDENCIAL,66,1021,0,1,0,1,1,0,0,0,1,6,0,2,0,4,6,0,2,0,4,126,0,RESIDENCIAL,43,4267,0,0,1,0,3,0,0,1,0,10,0,0,10,0,9,0,0,9,0,61,1786,RECREATIVA,152,816,1,0,1,0,8,1,0,1,0,19,10,0,9,0,17,8,0,9,0,120,1824,RECREATIVA,185,4962,0,1,0,0,0,0,0,0,0,4,0,4,0,0,4,0,4,0,0,320,1820,RECREATIVA,230,612,0,0,0,0,0,0,0,0,0,0,0,0,0,0,0,0,0,0,0,256,1787,RECREATIVA,205,816,0,1,0,0,1,0,1,0,0,8,0,8,0,0,8,0,8,0,0,127,1825,RECREATIVA,176,816,1,0,0,0,1,1,0,0,0,6,6,0,0,0,6,6,0,0,0,255,0,LABORAL,536,204,0,0,0,0,0,0,0,0,0,0,0,0,0,0,0,0,0,0,0,320,0,LABORAL,578,408,0,0,0,0,0,0,0,0,0,0,0,0,0,0,0,0,0,0,0,320,0,LABORAL,516,816,1,0,0,0,2,1,0,0,0,4,4,0,0,0,3,3,0,0,0,190,0,RESIDENCIAL,64,20,2979,1,41,3,5,48,1,180305,180362,21,180362,57,612,0.0,11,14,14,2,0,2979,2
21,816,0,0,0,0,0,0,0,0,0,0,0,0,0,0,0,0,0,0,0,256,0,RESIDENCIAL,83,612,0,1,1,0,5,0,1,1,0,16,0,8,8,0,15,0,7,8,0,123,0,RESIDENCIAL,41,3169,0,1,0,0,0,0,0,0,0,6,0,6,0,0,6,0,6,0,0,64,0,RESIDENCIAL,19,408,0,0,0,0,0,0,0,0,0,0,0,0,0,0,0,0,0,0,0,252,0,RESIDENCIAL,84,204,0,0,0,0,0,0,0,0,0,0,0,0,0,0,0,0,0,0,0,189,0,RESIDENCIAL,66,1021,0,1,0,1,1,0,0,0,1,6,0,2,0,4,6,0,2,0,4,126,0,RESIDENCIAL,43,4267,0,0,1,0,4,0,0,1,0,10,0,0,10,0,9,0,0,9,0,59,1786,RECREATIVA,149,816,1,0,1,0,9,1,0,1,0,19,10,0,9,0,17,8,0,9,0,119,1824,RECREATIVA,185,4962,0,1,0,0,0,0,0,0,0,4,0,4,0,0,4,0,4,0,0,320,1820,RECREATIVA,231,612,0,0,0,0,0,0,0,0,0,0,0,0,0,0,0,0,0,0,0,256,1787,RECREATIVA,205,816,0,1,0,0,1,0,1,0,0,10,0,10,0,0,10,0,10,0,0,127,1825,RECREATIVA,176,816,1,0,0,0,1,1,0,0,0,6,6,0,0,0,6,6,0,0,0,255,0,LABORAL,536,204,0,0,0,0,0,0,0,0,0,0,0,0,0,0,0,0,0,0,0,320,0,LABORAL,578,408,0,0,0,0,0,0,0,0,0,0,0,0,0,0,0,0,0,0,0,320,0,LABORAL,516,816,1,0,0,0,2,1,0,0,0,4,4,0,0,0,3,3,0,0,0,190,0,RESIDENCIAL,64,21,2977,1,38,3,5,48,1,277750,277807,23,277807,57,708,0.0,10,14,12,2,0,2977,2
22,816,0,0,0,0,0,0,0,0,0,0,0,0,0,0,0,0,0,0,0,256,0,RESIDENCIAL,83,612,0,1,1,0,6,0,1,1,0,16,0,8,8,0,15,0,7,8,0,122,0,RESIDENCIAL,40,3169,0,1,0,0,1,0,1,0,0,6,0,6,0,0,6,0,6,0,0,63,0,RESIDENCIAL,18,408,0,0,0,0,0,0,0,0,0,0,0,0,0,0,0,0,0,0,0,252,0,RESIDENCIAL,84,204,0,0,0,0,0,0,0,0,0,0,0,0,0,0,0,0,0,0,0,189,0,RESIDENCIAL,66,1021,0,1,0,1,1,0,0,0,1,8,0,4,0,4,8,0,4,0,4,126,0,RESIDENCIAL,43,4267,0,0,1,0,4,0,0,1,0,12,0,0,12,0,11,0,0,11,0,60,1786,RECREATIVA,150,816,1,0,1,0,10,1,0,1,0,23,12,0,11,0,21,10,0,11,0,118,1824,RECREATIVA,185,4962,0,1,0,0,1,0,1,0,0,6,0,6,0,0,6,0,6,0,0,319,1820,RECREATIVA,230,612,0,0,0,0,0,0,0,0,0,0,0,0,0,0,0,0,0,0,0,256,1787,RECREATIVA,204,816,0,1,0,0,1,0,1,0,0,10,0,10,0,0,10,0,10,0,0,126,1825,RECREATIVA,176,816,1,0,0,0,1,1,0,0,0,6,6,0,0,0,6,6,0,0,0,255,0,LABORAL,535,204,0,0,0,0,0,0,0,0,0,0,0,0,0,0,0,0,0,0,0,320,0,LABORAL,578,408,0,0,0,0,0,0,0,0,0,0,0,0,0,0,0,0,0,0,0,320,0,LABORAL,516,816,1,0,0,0,2,1,0,0,0,4,4,0,0,0,3,3,0,0,0,190,0,RESIDENCIAL,64,22,2973,1,45,3,5,48,1,365143,365200,27,365200,57,764,0.0,12,18,13,2,0,2973,2
23,3996,0,0,0,0,0,0,0,0,0,0,0,0,0,0,0,0,0,0,0,256,0,RESIDENCIAL,83,2083,0,1,1,0,6,0,1,1,0,18,0,10,8,0,17,0,9,8,0,122,0,RESIDENCIAL,40,4127,0,1,0,0,1,0,1,0,0,7,0,7,0,0,7,0,7,0,0,63,0,RESIDENCIAL,18,1530,0,0,0,0,0,0,0,0,0,0,0,0,0,0,0,0,0,0,0,252,0,RESIDENCIAL,84,1875,0,0,0,0,0,0,0,0,0,0,0,0,0,0,0,0,0,0,0,189,0,RESIDENCIAL,66,2158,0,1,0,1,1,0,0,0,1,8,0,4,0,4,8,0,4,0,4,126,0,RESIDENCIAL,43,5909,0,0,1,0,4,0,0,1,0,12,0,0,12,0,11,0,0,11,0,60,1786,RECREATIVA,150,2082,1,0,1,0,11,1,0,1,0,23,12,0,11,0,21,10,0,11,0,117,1824,RECREATIVA,184,6017,0,1,0,0,1,0,1,0,0,6,0,6,0,0,6,0,6,0,0,319,1820,RECREATIVA,230,3618,0,0,0,0,0,0,0,0,0,0,0,0,0,0,0,0,0,0,0,256,1787,RECREATIVA,204,2047,0,1,0,0,1,0,1,0,0,10,0,10,0,0,10,0,10,0,0,126,1825,RECREATIVA,176,2294,1,0,0,0,1,1,0,0,0,8,8,0,0,0,8,8,0,0,0,255,0,LABORAL,535,3937,0,0,0,0,0,0,0,0,0,0,0,0,0,0,0,0,0,0,0,320,0,LABORAL,578,1823,0,0,0,0,0,0,0,0,0,0,0,0,0,0,0,0,0,0,0,320,0,LABORAL,516,2620,1,0,0,0,2,1,0,0,0,6,6,0,0,0,5,5,0,0,0,190,0,RESIDENCIAL,64,23,2972,1,49,61,5,105,1,583283,583455,28,583455,172,796,0.0,16,19,12,2,0,2972,2
24,4354,0,0,0,0,0,0,0,0,0,0,0,0,0,0,0,0,0,0,0,256,0,RESIDENCIAL,83,3152,0,1,1,0,6,0,1,1,0,20,0,10,10,0,19,0,9,10,0,122,0,RESIDENCIAL,40,4924,0,1,0,0,2,0,1,0,0,7,0,7,0,0,7,0,7,0,0,62,0,RESIDENCIAL,17,1879,0,0,0,0,0,0,0,0,0,0,0,0,0,0,0,0,0,0,0,252,0,RESIDENCIAL,84,2061,0,0,0,0,0,0,0,0,0,0,0,0,0,0,0,0,0,0,0,189,0,RESIDENCIAL,66,2566,0,1,0,1,1,0,0,0,1,10,0,4,0,6,10,0,4,0,6,126,0,RESIDENCIAL,43,6946,0,0,1,0,4,0,0,1,0,12,0,0,12,0,11,0,0,11,0,60,1786,RECREATIVA,150,2900,1,0,1,0,11,1,0,1,0,23,12,0,11,0,21,10,0,11,0,116,1824,RECREATIVA,184,6700,0,1,0,0,1,0,1,0,0,6,0,6,0,0,6,0,6,0,0,319,1820,RECREATIVA,230,4685,0,0,0,0,0,0,0,0,0,0,0,0,0,0,0,0,0,0,0,256,1787,RECREATIVA,204,2255,0,1,0,0,1,0,1,0,0,10,0,10,0,0,10,0,10,0,0,126,1825,RECREATIVA,176,2512,1,0,0,0,1,1,0,0,0,8,8,0,0,0,8,8,0,0,0,255,0,LABORAL,535,4332,0,0,0,0,0,0,0,0,0,0,0,0,0,0,0,0,0,0,0,320,0,LABORAL,578,2914,0,0,0,0,0,0,0,0,0,0,0,0,0,0,0,0,0,0,0,320,0,LABORAL,515,4069,1,0,0,0,2,1,0,0,0,6,6,0,0,0,5,5,0,0,0,190,0,RESIDENCIAL,64,24,2971,2,48,134,5,105,1,844339,844584,29,844584,245,820,0.0,14,17,13,4,0,2971,2
25,4354,0,0,0,0,0,0,0,0,0,0,0,0,0,0,0,0,0,0,0,256,0,RESIDENCIAL,83,3152,0,1,1,0,7,0,1,1,0,20,0,10,10,0,19,0,9,10,0,121,0,RESIDENCIAL,39,5749,0,1,0,0,2,0,1,0,0,7,0,7,0,0,7,0,7,0,0,62,0,RESIDENCIAL,17,1879,0,0,0,0,0,0,0,0,0,0,0,0,0,0,0,0,0,0,0,252,0,RESIDENCIAL,84,2061,0,0,0,0,0,0,0,0,0,0,0,0,0,0,0,0,0,0,0,189,0,RESIDENCIAL,66,2566,0,1,0,1,1,0,0,0,1,10,0,4,0,6,10,0,4,0,6,126,0,RESIDENCIAL,43,7797,0,0,1,0,4,0,0,1,0,12,0,0,12,0,11,0,0,11,0,60,1786,RECREATIVA,150,3524,1,0,1,0,11,1,0,1,0,23,12,0,11,0,21,10,0,11,0,115,1824,RECREATIVA,183,7791,0,1,0,0,1,0,1,0,0,6,0,6,0,0,6,0,6,0,0,319,1820,RECREATIVA,230,5144,0,0,0,0,0,0,0,0,0,0,0,0,0,0,0,0,0,0,0,256,1787,RECREATIVA,205,2255,0,1,0,0,1,0,1,0,0,12,0,12,0,0,12,0,12,0,0,127,1825,RECREATIVA,176,2512,1,0,0,0,1,1,0,0,0,8,8,0,0,0,8,8,0,0,0,255,0,LABORAL,535,4332,0,0,0,0,0,0,0,0,0,0,0,0,0,0,0,0,0,0,0,320,0,LABORAL,578,2914,0,0,0,0,0,0,0,0,0,0,0,0,0,0,0,0,0,0,0,320,0,LABORAL,515,4069,1,0,0,0,2,1,0,0,0,6,6,0,0,0,5,5,0,0,0,190,0,RESIDENCIAL,64,25,2970,2,45,134,5,105,50,948217,948511,30,948511,294,836,0.0,12,17,12,4,0,2970,2
26,4354,0,0,0,0,0,0,0,0,0,0,0,0,0,0,0,0,0,0,0,256,0,RESIDENCIAL,83,3152,0,1,1,0,7,0,1,1,0,20,0,10,10,0,19,0,9,10,0,121,0,RESIDENCIAL,39,5749,0,1,0,0,2,0,1,0,0,7,0,7,0,0,7,0,7,0,0,61,0,RESIDENCIAL,17,1879,0,0,0,0,0,0,0,0,0,0,0,0,0,0,0,0,0,0,0,252,0,RESIDENCIAL,84,2061,0,0,0,0,0,0,0,0,0,0,0,0,0,0,0,0,0,0,0,189,0,RESIDENCIAL,66,2566,0,1,0,1,1,0,0,0,1,10,0,4,0,6,10,0,4,0,6,126,0,RESIDENCIAL,43,7990,0,0,1,0,4,0,0,1,0,12,0,0,12,0,11,0,0,11,0,60,1786,RECREATIVA,149,3524,1,0,1,0,11,1,0,1,0,25,14,0,11,0,23,12,0,11,0,116,1824,RECREATIVA,183,7951,0,1,0,0,1,0,1,0,0,8,0,8,0,0,8,0,8,0,0,319,1820,RECREATIVA,230,5144,0,0,0,0,0,0,0,0,0,0,0,0,0,0,0,0,0,0,0,256,1787,RECREATIVA,205,2255,0,1,0,0,1,0,1,0,0,12,0,12,0,0,12,0,12,0,0,127,1825,RECREATIVA,176,2512,1,0,0,0,2,1,0,0,0,8,8,0,0,0,8,8,0,0,0,254,0,LABORAL,534,4332,0,0,0,0,0,0,0,0,0,0,0,0,0,0,0,0,0,0,0,320,0,LABORAL,578,2914,0,0,0,0,0,0,0,0,0,0,0,0,0,0,0,0,0,0,0,320,0,LABORAL,515,4069,1,0,0,0,3,1,0,0,0,6,6,0,0,0,5,5,0,0,0,189,0,RESIDENCIAL,64,26,2968,2,46,134,5,105,50,1071341,1071635,32,1071635,294,892,0.0,14,17,11,4,0,2968,2
27,4354,0,0,0,0,0,0,0,0,0,0,0,0,0,0,0,0,0,0,0,256,0,RESIDENCIAL,83,3152,0,1,1,0,8,0,1,1,0,20,0,10,10,0,19,0,9,10,0,120,0,RESIDENCIAL,38,5749,0,1,0,0,3,0,1,0,0,7,0,7,0,0,7,0,7,0,0,60,0,RESIDENCIAL,17,1879,0,0,0,0,0,0,0,0,0,0,0,0,0,0,0,0,0,0,0,252,0,RESIDENCIAL,84,2061,0,0,0,0,0,0,0,0,0,0,0,0,0,0,0,0,0,0,0,189,0,RESIDENCIAL,66,2566,0,1,0,1,1,0,0,0,1,12,0,6,0,6,12,0,6,0,6,126,0,RESIDENCIAL,43,8395,0,0,1,0,4,0,0,1,0,14,0,0,14,0,13,0,0,13,0,60,1786,RECREATIVA,148,3524,1,0,1,0,11,1,0,1,0,27,14,0,13,0,25,12,0,13,0,116,1824,RECREATIVA,183,8192,0,1,0,0,1,0,1,0,0,8,0,8,0,0,8,0,8,0,0,319,1820,RECREATIVA,230,5144,0,0,0,0,0,0,0,0,0,0,0,0,0,0,0,0,0,0,0,256,1787,RECREATIVA,205,2255,0,1,0,0,1,0,1,0,0,12,0,12,0,0,12,0,12,0,0,127,1825,RECREATIVA,176,2512,1,0,0,0,2,1,0,0,0,10,10,0,0,0,10,10,0,0,0,254,0,LABORAL,534,4332,0,0,0,0,0,0,0,0,0,0,0,0,0,0,0,0,0,0,0,320,0,LABORAL,577,2914,0,0,0,0,0,0,0,0,0,0,0,0,0,0,0,0,0,0,0,320,0,LABORAL,515,4069,1,0,0,0,4,1,0,0,0,6,6,0,0,0,5,5,0,0,0,188,0,RESIDENCIAL,64,27,2965,2,51,134,5,142,50,1746210,1746541,35,1746541,331,932,0.0,16,19,12,4,0,2965,2
28,5508,0,0,0,0,0,0,0,0,0,0,0,0,0,0,0,0,0,0,0,256,0,RESIDENCIAL,83,4541,0,1,1,0,8,0,1,1,0,23,0,11,12,0,22,0,10,12,0,120,0,RESIDENCIAL,38,6890,0,1,0,0,3,0,1,0,0,9,0,9,0,0,9,0,9,0,0,60,0,RESIDENCIAL,17,3000,0,0,0,0,0,0,0,0,0,0,0,0,0,0,0,0,0,0,0,252,0,RESIDENCIAL,84,3954,0,0,0,0,0,0,0,0,0,0,0,0,0,0,0,0,0,0,0,189,0,RESIDENCIAL,66,4019,0,1,0,1,3,0,0,0,1,13,0,6,0,7,13,0,6,0,7,124,0,RESIDENCIAL,41,8628,0,0,1,0,4,0,0,1,0,14,0,0,14,0,13,0,0,13,0,59,1786,RECREATIVA,149,5179,1,0,1,0,11,1,0,1,0,27,14,0,13,0,25,12,0,13,0,117,1824,RECREATIVA,183,8904,0,1,0,0,1,0,1,0,0,8,0,8,0,0,8,0,8,0,0,319,1820,RECREATIVA,229,6739,0,0,0,0,0,0,0,0,0,0,0,0,0,0,0,0,0,0,0,256,1787,RECREATIVA,205,2422,0,1,0,0,1,0,1,0,0,12,0,12,0,0,12,0,12,0,0,127,1825,RECREATIVA,176,3707,1,0,0,0,2,1,0,0,0,10,10,0,0,0,10,10,0,0,0,254,0,LABORAL,534,4945,0,0,0,0,0,0,0,0,0,0,0,0,0,0,0,0,0,0,0,320,0,LABORAL,577,3745,0,0,0,0,0,0,0,0,0,0,0,0,0,0,0,0,0,0,0,320,0,LABORAL,515,5681,1,0,0,0,4,1,0,0,0,8,8,0,0,0,7,7,0,0,0,188,0,RESIDENCIAL,64,28,2963,2,53,134,5,204,50,1981983,1982376,37,1982376,393,980,0.0,13,21,14,5,0,2963,2
29,5651,0,0,0,0,0,0,0,0,0,0,0,0,0,0,0,0,0,0,0,256,0,RESIDENCIAL,83,4715,0,1,1,0,8,0,1,1,0,23,0,11,12,0,22,0,10,12,0,120,0,RESIDENCIAL,38,7369,0,1,0,0,4,0,1,0,0,9,0,9,0,0,9,0,9,0,0,60,0,RESIDENCIAL,17,3145,0,0,0,0,0,0,0,0,0,0,0,0,0,0,0,0,0,0,0,252,0,RESIDENCIAL,84,4616,0,0,0,0,0,0,0,0,0,0,0,0,0,0,0,0,0,0,0,189,0,RESIDENCIAL,66,4630,0,1,0,1,4,0,1,0,1,13,0,6,0,7,13,0,6,0,7,123,0,RESIDENCIAL,41,8840,0,0,1,0,4,0,0,1,0,14,0,0,14,0,13,0,0,13,0,59,1786,RECREATIVA,148,6078,1,0,1,0,11,1,0,1,0,27,14,0,13,0,25,12,0,13,0,116,1824,RECREATIVA,182,9112,0,1,0,0,1,0,1,0,0,8,0,8,0,0,8,0,8,0,0,319,1820,RECREATIVA,229,7104,0,0,0,0,0,0,0,0,0,0,0,0,0,0,0,0,0,0,0,256,1787,RECREATIVA,205,3166,0,1,0,0,2,0,1,0,0,14,0,14,0,0,14,0,14,0,0,126,1825,RECREATIVA,174,4480,1,0,0,0,2,1,0,0,0,10,10,0,0,0,10,10,0,0,0,254,0,LABORAL,535,4941,0,0,0,0,0,0,0,0,0,0,0,0,0,0,0,0,0,0,0,320,0,LABORAL,577,3928,0,0,0,0,0,0,0,0,0,0,0,0,0,0,0,0,0,0,0,320,0,LABORAL,515,6072,1,0,0,0,4,1,0,0,0,8,8,0,0,0,7,7,0,0,0,188,0,RESIDENCIAL,64,29,2960,2,51,134,5,204,50,2288223,2288616,40,2288616,393,1020,0.0,12,21,13,5,0,2960,2
30,5777,0,0,0,0,0,0,0,0,0,0,0,0,0,0,0,0,0,0,0,256,0,RESIDENCIAL,83,4700,0,1,1,0,9,0,1,1,0,23,0,11,12,0,22,0,10,12,0,119,0,RESIDENCIAL,38,7747,0,1,0,0,4,0,1,0,0,9,0,9,0,0,9,0,9,0,0,60,0,RESIDENCIAL,17,3548,0,0,0,0,0,0,0,0,0,0,0,0,0,0,0,0,0,0,0,252,0,RESIDENCIAL,84,5264,0,0,0,0,0,0,0,0,0,0,0,0,0,0,0,0,0,0,0,189,0,RESIDENCIAL,66,4600,0,1,0,1,4,0,1,0,1,13,0,6,0,7,13,0,6,0,7,123,0,RESIDENCIAL,41,9185,0,0,1,0,5,0,0,1,0,14,0,0,14,0,13,0,0,13,0,58,1786,RECREATIVA,148,6057,1,0,1,0,11,1,0,1,0,27,14,0,13,0,25,12,0,13,0,116,1824,RECREATIVA,182,9525,0,1,0,0,1,0,1,0,0,10,0,10,0,0,10,0,10,0,0,318,1820,RECREATIVA,228,7308,0,0,0,0,0,0,0,0,0,0,0,0,0,0,0,0,0,0,0,256,1787,RECREATIVA,205,3147,0,1,0,0,2,0,1,0,0,14,0,14,0,0,14,0,14,0,0,126,1825,RECREATIVA,172,5070,1,0,0,0,2,1,0,0,0,10,10,0,0,0,10,10,0,0,0,254,0,LABORAL,535,4937,0,0,0,0,0,0,0,0,0,0,0,0,0,0,0,0,0,0,0,320,0,LABORAL,577,3911,0,0,0,0,0,0,0,0,0,0,0,0,0,0,0,0,0,0,0,320,0,LABORAL,515,6052,1,0,0,0,4,1,0,0,0,8,8,0,0,0,7,7,0,0,0,188,0,RESIDENCIAL,64,30,2958,3,49,134,61,261,50,2695976,2696482,42,2696482,506,1080,0.0,12,21,12,4,0,2958,2
31,5746,0,0,0,0,0,0,0,0,0,0,0,0,0,0,0,0,0,0,0,256,0,RESIDENCIAL,83,4688,0,1,1,0,10,0,1,1,0,23,0,11,12,0,22,0,10,12,0,117,0,RESIDENCIAL,38,8068,0,0,0,0,4,0,1,0,0,9,0,9,0,0,9,0,9,0,0,60,0,RESIDENCIAL,17,3538,0,0,0,0,0,0,0,0,0,0,0,0,0,0,0,0,0,0,0,252,0,RESIDENCIAL,84,5255,0,0,0,0,0,0,0,0,0,0,0,0,0,0,0,0,0,0,0,189,0,RESIDENCIAL,66,4570,0,1,0,0,4,0,1,0,1,15,0,8,0,7,15,0,8,0,7,123,0,RESIDENCIAL,41,9330,0,0,1,0,5,0,0,1,0,16,0,0,16,0,15,0,0,15,0,58,1786,RECREATIVA,148,6036,1,0,1,0,12,1,0,1,0,31,16,0,15,0,29,14,0,15,0,115,1824,RECREATIVA,180,9707,0,0,0,0,1,0,1,0,0,10,0,10,0,0,10,0,10,0,0,318,1820,RECREATIVA,228,7293,0,0,0,0,0,0,0,0,0,0,0,0,0,0,0,0,0,0,0,256,1787,RECREATIVA,205,3295,0,1,0,0,2,0,1,0,0,14,0,14,0,0,14,0,14,0,0,126,1825,RECREATIVA,172,5052,0,0,0,0,2,1,0,0,0,10,10,0,0,0,10,10,0,0,0,254,0,LABORAL,534,4929,0,0,0,0,0,0,0,0,0,0,0,0,0,0,0,0,0,0,0,320,0,LABORAL,577,3900,0,0,0,0,0,0,0,0,0,0,0,0,0,0,0,0,0,0,0,320,0,LABORAL,515,6031,1,0,0,0,4,1,0,0,0,8,8,0,0,0,7,7,0,0,0,188,0,RESIDENCIAL,64,31,2956,4,53,190,59,261,49,2931999,2932558,44,2932558,559,1140,0.0,13,21,16,3,0,2956,2
32,5723,0,0,0,0,0,0,0,0,0,0,0,0,0,0,0,0,0,0,0,256,0,RESIDENCIAL,83,4676,0,0,1,0,10,0,1,1,0,25,0,13,12,0,24,0,12,12,0,117,0,RESIDENCIAL,38,8049,0,0,0,0,4,0,1,0,0,9,0,9,0,0,9,0,9,0,0,60,0,RESIDENCIAL,17,3526,0,0,0,0,0,0,0,0,0,0,0,0,0,0,0,0,0,0,0,252,0,RESIDENCIAL,84,5250,0,0,0,0,0,0,0,0,0,0,0,0,0,0,0,0,0,0,0,189,0,RESIDENCIAL,66,4548,0,1,0,0,4,0,1,0,1,15,0,8,0,7,15,0,8,0,7,123,0,RESIDENCIAL,41,10162,0,0,1,0,5,0,0,1,0,16,0,0,16,0,15,0,0,15,0,59,1786,RECREATIVA,148,6412,1,0,0,0,12,1,0,1,0,31,16,0,15,0,29,14,0,15,0,116,1824,RECREATIVA,181,10065,0,0,0,0,1,0,1,0,0,10,0,10,0,0,10,0,10,0,0,319,1820,RECREATIVA,229,7278,0,0,0,0,0,0,0,0,0,0,0,0,0,0,0,0,0,0,0,256,1787,RECREATIVA,205,3722,0,1,0,0,3,0,1,0,0,14,0,14,0,0,14,0,14,0,0,125,1825,RECREATIVA,172,5032,0,0,0,0,2,1,0,0,0,10,10,0,0,0,10,10,0,0,0,254,0,LABORAL,534,4923,0,0,0,0,0,0,0,0,0,0,0,0,0,0,0,0,0,0,0,320,0,LABORAL,577,3884,0,0,0,0,0,0,0,0,0,0,0,0,0,0,0,0,0,0,0,320,0,LABORAL,515,6008,1,0,0,0,4,1,0,0,0,10,10,0,0,0,9,9,0,0,0,188,0,RESIDENCIAL,64,32,2955,1,49,190,58,367,49,3111128,3111792,45,3111792,664,1180,0.0,13,20,13,3,0,2955,2
33,5696,0,0,0,0,0,0,0,0,0,0,0,0,0,0,0,0,0,0,0,256,0,RESIDENCIAL,83,4659,0,0,1,0,10,0,1,1,0,27,0,13,14,0,26,0,12,14,0,117,0,RESIDENCIAL,38,8033,0,0,0,0,4,0,1,0,0,9,0,9,0,0,9,0,9,0,0,60,0,RESIDENCIAL,17,3510,0,0,0,0,0,0,0,0,0,0,0,0,0,0,0,0,0,0,0,252,0,RESIDENCIAL,84,5246,0,0,0,0,0,0,0,0,0,0,0,0,0,0,0,0,0,0,0,189,0,RESIDENCIAL,66,4519,0,1,0,0,5,0,1,0,1,15,0,8,0,7,15,0,8,0,7,122,0,RESIDENCIAL,41,11893,0,0,1,0,6,0,0,1,0,16,0,0,16,0,15,0,0,15,0,58,1786,RECREATIVA,147,6386,1,0,0,0,12,1,0,1,0,31,16,0,15,0,29,14,0,15,0,116,1824,RECREATIVA,181,11315,0,0,0,0,2,0,1,0,0,10,0,10,0,0,10,0,10,0,0,317,1820,RECREATIVA,226,7260,0,0,0,0,0,0,0,0,0,0,0,0,0,0,0,0,0,0,0,256,1787,RECREATIVA,205,3706,0,1,0,0,3,0,1,0,0,15,0,15,0,0,15,0,15,0,0,125,1825,RECREATIVA,172,5014,0,0,0,0,3,1,0,0,0,10,10,0,0,0,10,10,0,0,0,253,0,LABORAL,534,4914,0,0,0,0,0,0,0,0,0,0,0,0,0,0,0,0,0,0,0,320,0,LABORAL,576,3875,0,0,0,0,0,0,0,0,0,0,0,0,0,0,0,0,0,0,0,320,0,LABORAL,515,5985,1,0,0,0,4,1,0,0,0,10,10,0,0,0,9,9,0,0,0,188,0,RESIDENCIAL,64,33,2951,2,47,190,107,430,49,4029647,4030423,49,4030423,776,1204,0.0,10,20,14,3,0,2951,2
